<?xml version="1.0" encoding="UTF-8"?>
<!--
 ! (c) Copyright 2005-2015 JAXIO, http://www.jaxio.com
 ! Source code generated by Celerio, a Jaxio product
 ! Want to purchase Celerio ? email us at info@jaxio.com
 ! Follow us on twitter: @springfuse
 ! Documentation: http://www.jaxio.com/documentation/celerio/
 ! Template pack-jsf2-spring-conversation:src/main/resources/localization/pages/concurrentModificationResolution_fr.p.vm.xml
-->
<!DOCTYPE properties SYSTEM "http://java.sun.com/dtd/properties.dtd">
<properties>
	<comment>concurrentModificationResolution</comment>
	<entry key="concurrentModificationResolution_title">Conflit détecté</entry>
	<entry key="concurrentModificationResolution_conflict">Conflit détecté</entry>
	<entry key="concurrentModificationResolution_description"><![CDATA[
		<p>
			Nous avons détecté une modification concurrente (optimistic locking).<br/>
			Vous pouvez soit :
			<ul>
				<li>rafraichir avec les dernieres données de la base. Vous perdrez alors une partie de vos modifications.</li>
				<li>terminer la conversation en cours et perdre l'ensemble de vos changements.</li>
			</ul>
		</p>
	]]></entry>
	<entry key="concurrentModificationResolution_refresh">Rafraîchir</entry>
	<entry key="concurrentModificationResolution_discard">Annuler</entry>
</properties>