<?xml version="1.0" encoding="UTF-8"?>
<!--
 ! (c) Copyright 2005-2015 JAXIO, http://www.jaxio.com
 ! Source code generated by Celerio, a Jaxio product
 ! Want to purchase Celerio ? email us at info@jaxio.com
 ! Follow us on twitter: @springfuse
 ! Documentation: http://www.jaxio.com/documentation/celerio/
 ! Template pack-jsf2-spring-conversation:src/main/resources/localization/pages/concurrentModificationResolution.p.vm.xml
-->
<!DOCTYPE properties SYSTEM "http://java.sun.com/dtd/properties.dtd">
<properties>
	<comment>concurrentModificationResolution</comment>
	<entry key="concurrentModificationResolution_title">Conflict found</entry>
	<entry key="concurrentModificationResolution_conflict">Conflict found</entry>
	<entry key="concurrentModificationResolution_description"><![CDATA[
		<p>
			We have detected a concurrent modification (optimistic locking).<br/>
			You can either :
			<ul>
				<li>refresh the values with the latest values from the database. You way loose some of your modifications.</li>
				<li>terminate this conversation and loose all of your modifications.</li>
			</ul>
		</p>
	]]></entry>
	<entry key="concurrentModificationResolution_refresh">Refresh</entry>
	<entry key="concurrentModificationResolution_discard">Discard</entry>
</properties>