<?xml version="1.0" encoding="UTF-8"?>
<!--
 ! (c) Copyright 2005-2015 JAXIO, http://www.jaxio.com
 ! Source code generated by Celerio, a Jaxio product
 ! Want to purchase Celerio ? email us at info@jaxio.com
 ! Follow us on twitter: @springfuse
 ! Documentation: http://www.jaxio.com/documentation/celerio/
 ! Template pack-jsf2-spring-conversation:src/main/resources/localization/pages/home.p.vm.xml
-->
<!DOCTYPE properties SYSTEM "http://java.sun.com/dtd/properties.dtd">
<properties>
	<comment>Homepage</comment>
	<entry key="home_about">About</entry>
	<entry key="home_generated_by"><![CDATA[
		<p>This application was generated by <a href="http://www.jaxio.com/en/celerio.html" target="_jaxio">Celerio</a>, a tool developed by <a href="http://www.jaxio.com/en/" target="_jaxio">Jaxio</a>, a company based in Paris, France.</p>
		
		<p>If you use the generated code in a commercial activity we encourage you to purchase a Celerio License to benefit from
		advanced features and support our activity.
		<br/>
		<a href="http://www.jaxio.com/en/pricing.html" target="_jaxio">Celerio License and pricing</a>.
		</p>

		<p>Like this generated application? Have new ideas? Found a bug? Need custom support ?
		<a href="http://www.jaxio.com/en/contact-us.html" target="_jaxio">please let us know...</a></p>
	]]></entry>
	<entry key="home_please_connect_first">Please login first in order to access the application content.</entry>
	<entry key="home_start_conversation">Start a new conversation</entry>
	<entry key="home_conversation">Here is the list of generated conversations:</entry>
	<entry key="home_conversation_search">Search</entry>
	<entry key="home_conversation_create">Create</entry>
	<entry key="home_configuration">Fine tuning code generation</entry>
	<entry key="home_configuration_howto"><![CDATA[
		<p>You can <a href="http://www.jaxio.com/documentation/celerio/">fine tune the code generation</a> using Celerio configuration file which can be found in the folder
		"demo/src/main/config/maven-celerio-plugin".
		This file allows you to:</p>
		<ul>
			<li>Configure bidirectional relations (ie one to many)</li>
			<li>Configure JPA inheritance</li>
			<li>Rename your entities or properties</li>
			<li>Configure packages to group your entities by functional domain</li>
			<li>Configure number mappings or date mappings</li>
			<li>etc.</li>
		</ul>
	]]></entry>
</properties>