<?xml version="1.0" encoding="UTF-8"?>
<!--
 ! (c) Copyright 2005-2015 JAXIO, http://www.jaxio.com
 ! Source code generated by Celerio, a Jaxio product
 ! Want to purchase Celerio ? email us at info@jaxio.com
 ! Follow us on twitter: @springfuse
 ! Documentation: http://www.jaxio.com/documentation/celerio/
 ! Template pack-jsf2-spring-conversation:src/main/resources/localization/pages/home_fr.p.vm.xml
-->
<!DOCTYPE properties SYSTEM "http://java.sun.com/dtd/properties.dtd">
<properties>
	<comment>Homepage</comment>
	<entry key="home_about">A propos</entry>
	<entry key="home_generated_by"><![CDATA[
		<p>Cette application a été générée par <a href="http://www.jaxio.com/celerio.html" target="_jaxio">Celerio</a>,
		un outil de la société <a href="http://www.jaxio.com/" target="_jaxio">Jaxio</a>, basée à Paris, en France.</p>
		<p>Si vous faites un usage du code généré dans un cadre professionnel nous vous encourageons à acheter une Licence Celerio,
		pour bénéficier de fonctionnalités avancées et soutenir notre activité.
		<br/>
		<a href="http://www.jaxio.com/licence-utilisation-celerio.html" target="_jaxio">Voir les tarifs Celerio</a>.</p>
		<p>
			Pour toute remarque/suggestion/question/bug, <a href="http://www.jaxio.com/nous-contacter.html" target="_jaxio">Contactez-nous...</a>
		</p>
	]]></entry>
	<entry key="home_please_connect_first">Connectez-vous afin d'accéder au contenu.</entry>
	<entry key="home_start_conversation">Démarrer une nouvelle conversation</entry>
	<entry key="home_conversation">Voici la liste des conversations générées:</entry>
	<entry key="home_conversation_search">Liste</entry>
	<entry key="home_conversation_create">Créer</entry>
	<entry key="home_configuration">Configurer la génération</entry>
	<entry key="home_configuration_howto"><![CDATA[
		<p>Vous pouvez <a href="http://www.jaxio.com/documentation/celerio/">configurer la génération</a> en utilisant le fichier de configuration maven-celerio-plugin.xml qui se trouve
		dans le répertoire "demo/src/main/config/maven-celerio-plugin". Ce fichier vous permet par exemple de:</p>
		<ul>
			<li>Générer les associations inverses (i.e. one-to-many)</li>
			<li>Configurer l'héritage JPA</li>
			<li>Changer le nom de vos entités ou de leurs propriétés</li>
			<li>Changer le nom du package de chaque entité</li>
			<li>Customiser les règles de mapping des nombres ou dates</li>
			<li>etc.</li>
		</ul>
	]]></entry>
</properties>