<?xml version="1.0" encoding="UTF-8"?>
<!--
 ! (c) Copyright 2005-2015 JAXIO, http://www.jaxio.com
 ! Source code generated by Celerio, a Jaxio product
 ! Want to purchase Celerio ? email us at info@jaxio.com
 ! Follow us on twitter: @springfuse
 ! Documentation: http://www.jaxio.com/documentation/celerio/
 ! Template pack-jsf2-spring-conversation:src/main/resources/localization/pages/login.p.vm.xml
-->
<!DOCTYPE properties SYSTEM "http://java.sun.com/dtd/properties.dtd">
<properties>
	<comment>Login</comment>
	<entry key="login_title">Login</entry>
	<entry key="login_header">Login</entry>
	<entry key="login_login">Username</entry>
	<entry key="login_password">Password</entry>
	<entry key="login_rememberme">Remember me on this computer.</entry>
	<entry key="login_submit">Login</entry>
	<entry key="login_error">Invalid login or password</entry>
	<entry key="login_logout">Logout</entry>
	<entry key="session_expired">Your session has expired... please login again.</entry>
	<entry key="login_description"><![CDATA[
		<p>
			If you used our database schema example or if Celerio could
			not detect in your database schema the table used to store username/password pairs, you
			should use:
		</p>
		<ul>
			<li><strong>admin/admin</strong>: can access all data</li>
			<li>user/user: can access only home page</li>
		</ul>
	]]></entry>
</properties>