<?xml version="1.0" encoding="UTF-8"?>
<!--
 ! (c) Copyright 2005-2015 JAXIO, http://www.jaxio.com
 ! Source code generated by Celerio, a Jaxio product
 ! Want to purchase Celerio ? email us at info@jaxio.com
 ! Follow us on twitter: @springfuse
 ! Documentation: http://www.jaxio.com/documentation/celerio/
 ! Template pack-jsf2-spring-conversation:src/main/resources/localization/pages/login_fr.p.vm.xml
-->
<!DOCTYPE properties SYSTEM "http://java.sun.com/dtd/properties.dtd">
<properties>
	<comment>Login</comment>
	<entry key="login_title">Identification</entry>
	<entry key="login_header">Login</entry>
	<entry key="login_login">Identifiant</entry>
	<entry key="login_password">Mot de passe</entry>
	<entry key="login_rememberme">Mémoriser mes informations sur cet ordinateur.</entry>
	<entry key="login_submit">S'authentifier</entry>
	<entry key="login_error">Identifiant ou mot de passe incorrect</entry>
	<entry key="login_logout">Déconnexion</entry>
	<entry key="session_expired">Votre session a expirée... merci de vous ré-authentifier</entry>
	<entry key="login_description"><![CDATA[
		<p>
			Si vous utilisez la base de données d'exemple ou si Celerio n'a pas trouvé 
			la table où sont stockés les login/mots de passe, alors pour vous connecter vous devez utiliser:
		</p>
		<ul>
			<li><strong>admin/admin</strong>: accède à toutes les données</li>
			<li>user/user:  accède uniquement à la page d'accueil</li>
		</ul>
	]]></entry>
</properties>