<?xml version="1.0" encoding="UTF-8"?>
<!--
 ! (c) Copyright 2005-2015 JAXIO, http://www.jaxio.com
 ! Source code generated by Celerio, a Jaxio product
 ! Want to purchase Celerio ? email us at info@jaxio.com
 ! Follow us on twitter: @springfuse
 ! Documentation: http://www.jaxio.com/documentation/celerio/
 ! Template pack-backend-jpa:src/main/resources/localization/domain/domain_fr.e.vm.xml
-->
<!DOCTYPE properties SYSTEM "http://java.sun.com/dtd/properties.dtd">
<properties>
	<comment>Domain resources for Account for the french locale</comment>

	<entry key="account">Account</entry>
	<entry key="account_search">Recherche de Account</entry>
	<entry key="account_create">Création de Account</entry>
	<entry key="account_edit">Édition de {0}</entry>
	<entry key="account_view">Affichage de {0}</entry>

	<!-- attributes -->
	<entry key="account_id">Id</entry>
	<entry key="account_login">Login</entry>
	<entry key="account_password">Password</entry>
	<entry key="account_email">Email</entry>
	<entry key="account_isEnabled">Is Enabled?</entry>
	<entry key="account_civility">Civility</entry>
	<entry key="account_firstName">First Name</entry>
	<entry key="account_lastName">Last Name</entry>
	<entry key="account_birthDate">Birth Date</entry>
	<entry key="account_description">Description</entry>
	<entry key="account_addressId">Address Id</entry>
	<entry key="account_creationDate">Creation Date</entry>
	<entry key="account_creationAuthor">Creation Author</entry>
	<entry key="account_lastModificationDate">Last Modification Date</entry>
	<entry key="account_lastModificationAuthor">Last Modification Author</entry>
	<entry key="account_version">Version</entry>

	<!-- x-to-one -->
	<entry key="account_address">Address</entry>

	<!-- many-to-many -->
	<entry key="account_roles">Roles</entry>

	<!-- uniques -->
	<entry key="account_email_already_exists">Email existe déjà</entry>
	<entry key="account_login_already_exists">Login existe déjà</entry>
	<entry key="account_composite_unique_constraint_error">Une contrainte d'unicité multiple n'est pas respectée sur Account</entry>
</properties>