<?xml version="1.0" encoding="UTF-8"?>
<!--
 ! (c) Copyright 2005-2015 JAXIO, http://www.jaxio.com
 ! Source code generated by Celerio, a Jaxio product
 ! Want to purchase Celerio ? email us at info@jaxio.com
 ! Follow us on twitter: @springfuse
 ! Documentation: http://www.jaxio.com/documentation/celerio/
 ! Template pack-backend-jpa:src/main/resources/localization/domain/domain_fr.e.vm.xml
-->
<!DOCTYPE properties SYSTEM "http://java.sun.com/dtd/properties.dtd">
<properties>
	<comment>Domain resources for Address for the french locale</comment>

	<entry key="address">Address</entry>
	<entry key="address_search">Recherche de Address</entry>
	<entry key="address_create">Création de Address</entry>
	<entry key="address_edit">Édition de {0}</entry>
	<entry key="address_view">Affichage de {0}</entry>

	<!-- attributes -->
	<entry key="address_id">Id</entry>
	<entry key="address_streetName">Street Name</entry>
	<entry key="address_city">City</entry>
	<entry key="address_version">Version</entry>

	<!-- uniques -->
	<entry key="address_composite_unique_constraint_error">Une contrainte d'unicité multiple n'est pas respectée sur Address</entry>
</properties>