<?xml version="1.0" encoding="UTF-8"?>
<!--
 ! (c) Copyright 2005-2015 JAXIO, http://www.jaxio.com
 ! Source code generated by Celerio, a Jaxio product
 ! Want to purchase Celerio ? email us at info@jaxio.com
 ! Follow us on twitter: @springfuse
 ! Documentation: http://www.jaxio.com/documentation/celerio/
 ! Template pack-backend-jpa:src/main/resources/localization/domain/domain.e.vm.xml
-->
<!DOCTYPE properties SYSTEM "http://java.sun.com/dtd/properties.dtd">
<properties>
	<comment>Domain resources for Book</comment>

	<entry key="book">Book</entry>
	<entry key="book_search">Search Book</entry>
	<entry key="book_create">Create Book</entry>
	<entry key="book_edit">Edit {0}</entry>
	<entry key="book_view">View {0}</entry>

	<!-- attributes -->
	<entry key="book_id">Id</entry>
	<entry key="book_accountId">Account Id</entry>
	<entry key="book_title">Title</entry>
	<entry key="book_numberOfPages">Number Of Pages</entry>
	<entry key="book_version">Version</entry>

	<!-- x-to-one -->
	<entry key="book_account">Account</entry>

	<!-- uniques -->
	<entry key="book_composite_unique_constraint_error">A composite unique constraint has failed on Book</entry>
</properties>