<?xml version="1.0" encoding="UTF-8"?>
<!--
 ! (c) Copyright 2005-2015 JAXIO, http://www.jaxio.com
 ! Source code generated by Celerio, a Jaxio product
 ! Want to purchase Celerio ? email us at info@jaxio.com
 ! Follow us on twitter: @springfuse
 ! Documentation: http://www.jaxio.com/documentation/celerio/
 ! Template pack-backend-jpa:src/main/resources/localization/domain/domain.e.vm.xml
-->
<!DOCTYPE properties SYSTEM "http://java.sun.com/dtd/properties.dtd">
<properties>
	<comment>Domain resources for Dbuser</comment>

	<entry key="dbuser">Dbuser</entry>
	<entry key="dbuser_search">Search Dbuser</entry>
	<entry key="dbuser_create">Create Dbuser</entry>
	<entry key="dbuser_edit">Edit {0}</entry>
	<entry key="dbuser_view">View {0}</entry>

	<!-- attributes -->
	<entry key="dbuser_id">Id</entry>
	<entry key="dbuser_username">Username</entry>
	<entry key="dbuser_createdBy">Created By</entry>
	<entry key="dbuser_createdDate">Created Date</entry>

	<!-- uniques -->
	<entry key="dbuser_composite_unique_constraint_error">A composite unique constraint has failed on Dbuser</entry>
</properties>