<?xml version="1.0" encoding="UTF-8"?>
<!--
 ! (c) Copyright 2005-2015 JAXIO, http://www.jaxio.com
 ! Source code generated by Celerio, a Jaxio product
 ! Want to purchase Celerio ? email us at info@jaxio.com
 ! Follow us on twitter: @springfuse
 ! Documentation: http://www.jaxio.com/documentation/celerio/
 ! Template pack-backend-jpa:src/main/resources/localization/domain/domain_fr.e.vm.xml
-->
<!DOCTYPE properties SYSTEM "http://java.sun.com/dtd/properties.dtd">
<properties>
	<comment>Domain resources for Document for the french locale</comment>

	<entry key="document">Document</entry>
	<entry key="document_search">Recherche de Document</entry>
	<entry key="document_create">Création de Document</entry>
	<entry key="document_edit">Édition de {0}</entry>
	<entry key="document_view">Affichage de {0}</entry>

	<!-- attributes -->
	<entry key="document_id">Id</entry>
	<entry key="document_accountId">Account Id</entry>
	<entry key="document_documentBinary">Document Binary</entry>
	<entry key="document_documentFileName">Document File Name</entry>
	<entry key="document_documentContentType">Document Content Type</entry>
	<entry key="document_documentSize">Document Size</entry>
	<entry key="document_version">Version</entry>

	<!-- x-to-one -->
	<entry key="document_account">Account</entry>

	<!-- uniques -->
	<entry key="document_composite_unique_constraint_error">Une contrainte d'unicité multiple n'est pas respectée sur Document</entry>
</properties>