<?xml version="1.0" encoding="UTF-8"?>
<!--
 ! (c) Copyright 2005-2015 JAXIO, http://www.jaxio.com
 ! Source code generated by Celerio, a Jaxio product
 ! Want to purchase Celerio ? email us at info@jaxio.com
 ! Follow us on twitter: @springfuse
 ! Documentation: http://www.jaxio.com/documentation/celerio/
 ! Template pack-backend-jpa:src/main/resources/localization/domain/domain_fr.e.vm.xml
-->
<!DOCTYPE properties SYSTEM "http://java.sun.com/dtd/properties.dtd">
<properties>
	<comment>Domain resources for Legacy for the french locale</comment>

	<entry key="legacy">Legacy</entry>
	<entry key="legacy_search">Recherche de Legacy</entry>
	<entry key="legacy_create">Création de Legacy</entry>
	<entry key="legacy_edit">Édition de {0}</entry>
	<entry key="legacy_view">Affichage de {0}</entry>

	<!-- attributes -->
	<entry key="legacy_name">Name</entry>
	<entry key="legacy_code">Code</entry>
	<entry key="legacy_dept">Dept</entry>
	<entry key="legacy_extraInfo">Extra Info</entry>

	<!-- uniques -->
	<entry key="legacy_sys_c004062">Legacy violation de contrainte unique sys_c004062 </entry>
	<entry key="legacy_composite_unique_constraint_error">Une contrainte d'unicité multiple n'est pas respectée sur Legacy</entry>
</properties>