<?xml version="1.0" encoding="UTF-8"?>
<!--
 ! (c) Copyright 2005-2015 JAXIO, http://www.jaxio.com
 ! Source code generated by Celerio, a Jaxio product
 ! Want to purchase Celerio ? email us at info@jaxio.com
 ! Follow us on twitter: @springfuse
 ! Documentation: http://www.jaxio.com/documentation/celerio/
 ! Template pack-backend-jpa:src/main/resources/localization/domain/domain_fr.e.vm.xml
-->
<!DOCTYPE properties SYSTEM "http://java.sun.com/dtd/properties.dtd">
<properties>
	<comment>Domain resources for Role for the french locale</comment>

	<entry key="role">Role</entry>
	<entry key="role_search">Recherche de Role</entry>
	<entry key="role_create">Création de Role</entry>
	<entry key="role_edit">Édition de {0}</entry>
	<entry key="role_view">Affichage de {0}</entry>

	<!-- attributes -->
	<entry key="role_id">Id</entry>
	<entry key="role_roleName">Role Name</entry>

	<!-- uniques -->
	<entry key="role_roleName_already_exists">Role Name existe déjà</entry>
	<entry key="role_composite_unique_constraint_error">Une contrainte d'unicité multiple n'est pas respectée sur Role</entry>
</properties>