<?xml version="1.0" encoding="UTF-8"?>
<!--
 ! (c) Copyright 2005-2015 JAXIO, http://www.jaxio.com
 ! Source code generated by Celerio, a Jaxio product
 ! Want to purchase Celerio ? email us at info@jaxio.com
 ! Follow us on twitter: @springfuse
 ! Documentation: http://www.jaxio.com/documentation/celerio/
 ! Template pack-backend-jpa:src/main/resources/META-INF/spring-persistence.p.vm.xml
-->
<persistence xmlns="http://java.sun.com/xml/ns/persistence" xmlns:xsi="http://www.w3.org/2001/XMLSchema-instance"
	xsi:schemaLocation="http://java.sun.com/xml/ns/persistence http://java.sun.com/xml/ns/persistence/persistence_2_0.xsd" version="2.0">
	<persistence-unit name="demoPU" transaction-type="RESOURCE_LOCAL">
		<description><![CDATA[
			Main persistence unit.
			It is named spring-persistence.xml to prevent JBoss from picking it automatically, which would create a mess as we use Spring.
			With JBoss/Spring it is required to list the classes explicitly.
		]]></description>
		<mapping-file>META-INF/spring-orm.xml</mapping-file>
		<class>com.ankushn.demo.domain.Account</class>
		<class>com.ankushn.demo.domain.Address</class>
		<class>com.ankushn.demo.domain.Book</class>
		<class>com.ankushn.demo.domain.Dbuser</class>
		<class>com.ankushn.demo.domain.Document</class>
		<class>com.ankushn.demo.domain.Legacy</class>
		<class>com.ankushn.demo.domain.MoreTypesDemo</class>
		<class>com.ankushn.demo.domain.Role</class>
	</persistence-unit>
</persistence>