<?xml version="1.0" encoding="UTF-8"?>
<!--
 ! (c) Copyright 2005-2015 JAXIO, http://www.jaxio.com
 ! Source code generated by Celerio, a Jaxio product
 ! Want to purchase Celerio ? email us at info@jaxio.com
 ! Follow us on twitter: @springfuse
 ! Documentation: http://www.jaxio.com/documentation/celerio/
 ! Template pack-jsf2-spring-conversation:src/main/webapp/WEB-INF/applicationContext-security-http.p.vm.xml
-->
<beans:beans xmlns="http://www.springframework.org/schema/security" xmlns:xsi="http://www.w3.org/2001/XMLSchema-instance" xmlns:beans="http://www.springframework.org/schema/beans"
	xsi:schemaLocation="
		http://www.springframework.org/schema/beans http://www.springframework.org/schema/beans/spring-beans-3.2.xsd
		http://www.springframework.org/schema/security http://www.springframework.org/schema/security/spring-security-3.1.xsd">

	<!-- public pages -->
	<http pattern="/" security="none" />
	<http pattern="/favicon.ico" security="none" />
	<http pattern="/resources/*" security="none" />
	<http pattern="/javax.*/**" security="none" />
	<http pattern="/login.faces*" security="none" />
	<http pattern="/error/*" security="none" />
	
	<!-- secure pages -->
	<http auto-config="true" use-expressions="true">
		<form-login login-page="/login.faces" />
		<logout logout-url="/logout.faces" logout-success-url="/home.faces" />

		<intercept-url pattern="/home.faces" access="permitAll()" />
		<intercept-url pattern="/logout*" access="isAuthenticated()" />
		<intercept-url pattern="/domain/**/*" access="hasRole('ROLE_ADMIN')" />
		<intercept-url pattern="/monitoring**" access="hasRole('ROLE_MONITORING')" />

		<access-denied-handler error-page="/error/accessdenied.faces" />
	</http>
</beans:beans>
