<?xml version="1.0" encoding="UTF-8"?>
<!--
 ! (c) Copyright 2005-2015 JAXIO, http://www.jaxio.com
 ! Source code generated by Celerio, a Jaxio product
 ! Want to purchase Celerio ? email us at info@jaxio.com
 ! Follow us on twitter: @springfuse
 ! Documentation: http://www.jaxio.com/documentation/celerio/
 ! Template pack-jsf2-spring-conversation:src/main/webapp/WEB-INF/faces-config.p.vm.xml
-->
<faces-config xmlns="http://java.sun.com/xml/ns/javaee"
	xmlns:xsi="http://www.w3.org/2001/XMLSchema-instance"
	xsi:schemaLocation="http://java.sun.com/xml/ns/javaee http://java.sun.com/xml/ns/javaee/web-facesconfig_2_1.xsd"
	version="2.1">
	<application>
		<locale-config>
			<supported-locale>en</supported-locale>
			<supported-locale>fr</supported-locale>
		</locale-config>
		<el-resolver>com.ankushn.demo.web.faces.ConversationAwareElResolver</el-resolver>
		<message-bundle>com.ankushn.demo.web.util.MessageBundle</message-bundle>
		<resource-bundle>
			<base-name>com.ankushn.demo.web.util.MessageBundle</base-name>
			<var>msg</var>
		</resource-bundle>
	</application>
	<factory>
		<exception-handler-factory>com.ankushn.demo.web.faces.CustomExceptionHandlerFactory</exception-handler-factory>
	</factory>
	<lifecycle>
		<phase-listener>com.ankushn.demo.web.faces.LocaleSetterListener</phase-listener>
		<phase-listener>com.ankushn.demo.web.faces.LogPhaseListener</phase-listener>
		<phase-listener>com.ankushn.demo.web.faces.MultiPageMessagesListener</phase-listener>
		<phase-listener>com.ankushn.demo.web.faces.ExceptionInRenderPhaseListener</phase-listener>
	</lifecycle>
</faces-config>