<?xml version="1.0" encoding="UTF-8"?>
<!--
 ! (c) Copyright 2005-2015 JAXIO, http://www.jaxio.com
 ! Source code generated by Celerio, a Jaxio product
 ! Want to purchase Celerio ? email us at info@jaxio.com
 ! Follow us on twitter: @springfuse
 ! Documentation: http://www.jaxio.com/documentation/celerio/
 ! Template pack-jsf2-spring-conversation:src/main/config/maven-jetty-plugin/web-development.p.vm.xml
-->
<web-app version="2.5" xmlns="http://java.sun.com/xml/ns/javaee"
	xmlns:xsi="http://www.w3.org/2001/XMLSchema-instance"
	xsi:schemaLocation="http://java.sun.com/xml/ns/javaee http://java.sun.com/xml/ns/javaee/web-app_2_5.xsd">
	<description>Overrides values found in src/main/webapp/WEB-INF/web.xml to enable development mode</description>
	<context-param>
		<!-- Enables special Facelets debug output during development -->
		<param-name>javax.faces.PROJECT_STAGE</param-name>
		<param-value>Development</param-value>
	</context-param>
	<context-param>
		<!-- Causes Facelets to refresh templates during development (in seconds) -->
		<param-name>javax.faces.FACELETS_REFRESH_PERIOD</param-name>
		<param-value>1</param-value>
	</context-param>
</web-app>